{
  "telebirr": {
    "mean": 1125.9819760000003,
    "std": 2211.1038448115205,
    "median": 506.115,
    "min": 7.0,
    "max": 43151.89
  },
  "abyssinia": {
    "mean": 7631.937424000001,
    "std": 10643.216919156665,
    "median": 3967.56,
    "min": 103.39,
    "max": 91633.8
  },
  "dashen": {
    "mean": 6055.126998799518,
    "std": 9803.044662368864,
    "median": 3200.0,
    "min": 50.0,
    "max": 146375.67
  },
  "cbe_birr": {
    "mean": 570.842624,
    "std": 893.5100042262528,
    "median": 280.98,
    "min": 5.0,
    "max": 8350.01
  },
  "cbe": {
    "mean": 10090.933984000001,
    "std": 17431.931895727055,
    "median": 4977.25,
    "min": 60.0,
    "max": 204357.04
  },
  "mpesa": {
    "mean": 410.6522541966427,
    "std": 583.8779187592368,
    "median": 200.0,
    "min": 5.0,
    "max": 3993.52
  }
}